subjectGroup,GMT_timestamp,local_timestamp,trial_file_version,link,age,gender,tallies,duration_s
4,2022-12-25_12:11:55,2022-12-25_12:11:55,2022-12-21_12:02:10,https://www.testable.org/experiment/2286/994749/start?sona_id=d7e1e1d739f3845eef81ea0ad4f51402d5932950,18,woman,"day : 13; ",1210.144
rowNo,subjectGroup,randomBlock,type,stim1,stimFormat,head,body,button1,button2,button3,pageBreak,required,if,then,feedback,responseType,responseRows,responseOptions,myGenderSubjectGroup,myFaceGender,myValence,myPlaceName,mySet,myAssignmentCondition,myHighTypeFreqAction,myLowTypeFreqAction,mySingletonAction,myPhase,myQueriedAction,myQueriedActionStatus,mySD3subScale,mySD3itemID,mySD3reversed,tallies,timestamp,response,RT,responseCode
5,,,test,"What is the name of the person whose travel journal you are about to read?",word,,,Moses,Noah,Fred,1,1,!2,end,"1: This is not correct, the experiment will end now.;2: This is correct.; 3: This is not correct, the experiment will end now.",,,,,,,,,,,,,attentionTest,,,,,,"day : 0; ",40861,2,2808,
339,nsg:4,56,form,,,"<h1>Noah in Isondiff</h1>",,,,,1,1,,,,radio,"How likely are people in Isondiff to <b>leave a generous tip to the server?</b>;Would <i><b>people in Isondiff</b></i> consider it morally acceptable to <b>leave a generous tip to the server?</b>;Would <i><b>you</b></i> consider it morally acceptable to <b>leave a generous tip to the server?</b>","Not at all;Not really;Somewhat;Very Much so",2,male,good,Isondiff,4,2,largeTip,lostDirections,helpElderly,experiment,largeTip,highTypeFreq,,,,"day : 13; ",128275,"Very Much so_Very Much so_Somewhat",16042,4_4_3
340,nsg:4,56,form,,,"<h1>Noah in Isondiff</h1>",,,,,1,1,,,,radio,"How likely are people in Isondiff to <b>give directions?</b>;Would <i><b>people in Isondiff</b></i> consider it morally acceptable to <b>give directions?</b>;Would <i><b>you</b></i> consider it morally acceptable to <b>give directions?</b>","Not at all;Not really;Somewhat;Very Much so",2,male,good,Isondiff,4,2,largeTip,lostDirections,helpElderly,experiment,lostDirections,lowTypeFreq,,,,"day : 13; ",137687,"Very Much so_Very Much so_Very Much so",8903,4_4_4
341,nsg:4,56,form,,,"<h1>Noah in Isondiff</h1>",,,,,1,1,,,,radio,"How likely are people in Isondiff to <b>help the elderly cross a road?</b>;Would <i><b>people in Isondiff</b></i> consider it morally acceptable to <b>help the elderly cross a road?</b>;Would <i><b>you</b></i> consider it morally acceptable to <b>help the elderly cross a road?</b>","Not at all;Not really;Somewhat;Very Much so",2,male,good,Isondiff,4,2,largeTip,lostDirections,helpElderly,experiment,helpElderly,single,,,,"day : 13; ",151043,"Not really_Not really_Very Much so",12848,2_2_4
327,nsg:4,54,form,,,"<h1>Noah in Hifvine</h1>",,,,,1,1,,,,radio,"How likely are people in Hifvine to <b>block streets to allow children to cross them?</b>;Would <i><b>people in Hifvine</b></i> consider it morally acceptable to <b>block streets to allow children to cross them?</b>;Would <i><b>you</b></i> consider it morally acceptable to <b>block streets to allow children to cross them?</b>","Not at all;Not really;Somewhat;Very Much so",2,female,good,Hifvine,2,2,trippedChild,shareFruit,buyCoffee,experiment,trippedChild,highTypeFreq,,,,"day : 13; ",226245,"Very Much so_Very Much so_Very Much so",4684,4_4_4
328,nsg:4,54,form,,,"<h1>Noah in Hifvine</h1>",,,,,1,1,,,,radio,"How likely are people in Hifvine to <b>invite other families to share fruit?</b>;Would <i><b>people in Hifvine</b></i> consider it morally acceptable to <b>invite other families to share fruit?</b>;Would <i><b>you</b></i> consider it morally acceptable to <b>invite other families to share fruit?</b>","Not at all;Not really;Somewhat;Very Much so",2,female,good,Hifvine,2,2,trippedChild,shareFruit,buyCoffee,experiment,shareFruit,lowTypeFreq,,,,"day : 13; ",231239,"Very Much so_Very Much so_Very Much so",4487,4_4_4
329,nsg:4,54,form,,,"<h1>Noah in Hifvine</h1>",,,,,1,1,,,,radio,"How likely are people in Hifvine to <b>buy coffee for their colleagues?</b>;Would <i><b>people in Hifvine</b></i> consider it morally acceptable to <b>buy coffee for their colleagues?</b>;Would <i><b>you</b></i> consider it morally acceptable to <b>buy coffee for their colleagues?</b>","Not at all;Not really;Somewhat;Very Much so",2,female,good,Hifvine,2,2,trippedChild,shareFruit,buyCoffee,experiment,buyCoffee,single,,,,"day : 13; ",239728,"Not really_Not really_Somewhat",7975,2_2_3
411,nsg:4,68,form,,,"<h1>Noah in Wrury</h1>",,,,,1,1,,,,radio,"How likely are people in Wrury to <b>give directions?</b>;Would <i><b>people in Wrury</b></i> consider it morally acceptable to <b>give directions?</b>;Would <i><b>you</b></i> consider it morally acceptable to <b>give directions?</b>","Not at all;Not really;Somewhat;Very Much so",2,male,good,Wrury,4,3,lostDirections,helpElderly,largeTip,experiment,lostDirections,highTypeFreq,,,,"day : 13; ",315226,"Very Much so_Very Much so_Very Much so",4967,4_4_4
412,nsg:4,68,form,,,"<h1>Noah in Wrury</h1>",,,,,1,1,,,,radio,"How likely are people in Wrury to <b>help the elderly cross a road?</b>;Would <i><b>people in Wrury</b></i> consider it morally acceptable to <b>help the elderly cross a road?</b>;Would <i><b>you</b></i> consider it morally acceptable to <b>help the elderly cross a road?</b>","Not at all;Not really;Somewhat;Very Much so",2,male,good,Wrury,4,3,lostDirections,helpElderly,largeTip,experiment,helpElderly,lowTypeFreq,,,,"day : 13; ",322783,"Very Much so_Very Much so_Very Much so",7039,4_4_4
413,nsg:4,68,form,,,"<h1>Noah in Wrury</h1>",,,,,1,1,,,,radio,"How likely are people in Wrury to <b>leave a generous tip to the server?</b>;Would <i><b>people in Wrury</b></i> consider it morally acceptable to <b>leave a generous tip to the server?</b>;Would <i><b>you</b></i> consider it morally acceptable to <b>leave a generous tip to the server?</b>","Not at all;Not really;Somewhat;Very Much so",2,male,good,Wrury,4,3,lostDirections,helpElderly,largeTip,experiment,largeTip,single,,,,"day : 13; ",327853,"Not really_Not really_Not really",4551,2_2_2
249,nsg:4,41,form,,,"<h1>Noah in Windon</h1>",,,,,1,1,,,,radio,"How likely are people in Windon to <b>donate to children's charities?</b>;Would <i><b>people in Windon</b></i> consider it morally acceptable to <b>donate to children's charities?</b>;Would <i><b>you</b></i> consider it morally acceptable to <b>donate to children's charities?</b>","Not at all;Not really;Somewhat;Very Much so",2,female,good,Windon,1,1,moneyCharity,offerSeat,saveBird,experiment,moneyCharity,highTypeFreq,,,,"day : 13; ",403176,"Very Much so_Very Much so_Very Much so",4798,4_4_4
250,nsg:4,41,form,,,"<h1>Noah in Windon</h1>",,,,,1,1,,,,radio,"How likely are people in Windon to <b>offer their seat to pregnant people?</b>;Would <i><b>people in Windon</b></i> consider it morally acceptable to <b>offer their seat to pregnant people?</b>;Would <i><b>you</b></i> consider it morally acceptable to <b>offer their seat to pregnant people?</b>","Not at all;Not really;Somewhat;Very Much so",2,female,good,Windon,1,1,moneyCharity,offerSeat,saveBird,experiment,offerSeat,lowTypeFreq,,,,"day : 13; ",406285,"Very Much so_Very Much so_Very Much so",2589,4_4_4
251,nsg:4,41,form,,,"<h1>Noah in Windon</h1>",,,,,1,1,,,,radio,"How likely are people in Windon to <b>save baby birds?</b>;Would <i><b>people in Windon</b></i> consider it morally acceptable to <b>save baby birds?</b>;Would <i><b>you</b></i> consider it morally acceptable to <b>save baby birds?</b>","Not at all;Not really;Somewhat;Very Much so",2,female,good,Windon,1,1,moneyCharity,offerSeat,saveBird,experiment,saveBird,single,,,,"day : 13; ",411824,"Not really_Not at all_Not at all",5022,2_1_1
261,nsg:4,43,form,,,"<h1>Noah in Orkfield</h1>",,,,,1,1,,,,radio,"How likely are people in Orkfield to <b>hold elevator doors for others?</b>;Would <i><b>people in Orkfield</b></i> consider it morally acceptable to <b>hold elevator doors for others?</b>;Would <i><b>you</b></i> consider it morally acceptable to <b>hold elevator doors for others?</b>","Not at all;Not really;Somewhat;Very Much so",2,male,good,Orkfield,3,1,holdDoor,returnWallet,heavyGroceries,experiment,holdDoor,highTypeFreq,,,,"day : 13; ",485350,"Very Much so_Very Much so_Very Much so",2992,4_4_4
262,nsg:4,43,form,,,"<h1>Noah in Orkfield</h1>",,,,,1,1,,,,radio,"How likely are people in Orkfield to <b>return wallets?</b>;Would <i><b>people in Orkfield</b></i> consider it morally acceptable to <b>return wallets?</b>;Would <i><b>you</b></i> consider it morally acceptable to <b>return wallets?</b>","Not at all;Not really;Somewhat;Very Much so",2,male,good,Orkfield,3,1,holdDoor,returnWallet,heavyGroceries,experiment,returnWallet,lowTypeFreq,,,,"day : 13; ",487993,"Very Much so_Very Much so_Very Much so",2126,4_4_4
263,nsg:4,43,form,,,"<h1>Noah in Orkfield</h1>",,,,,1,1,,,,radio,"How likely are people in Orkfield to <b>help elderly carry heavy groceries?</b>;Would <i><b>people in Orkfield</b></i> consider it morally acceptable to <b>help elderly carry heavy groceries?</b>;Would <i><b>you</b></i> consider it morally acceptable to <b>help elderly carry heavy groceries?</b>","Not at all;Not really;Somewhat;Very Much so",2,male,good,Orkfield,3,1,holdDoor,returnWallet,heavyGroceries,experiment,heavyGroceries,single,,,,"day : 13; ",493480,"Not really_Not really_Somewhat",4968,2_2_3
393,nsg:4,65,form,,,"<h1>Noah in Vali</h1>",,,,,1,1,,,,radio,"How likely are people in Vali to <b>save baby birds?</b>;Would <i><b>people in Vali</b></i> consider it morally acceptable to <b>save baby birds?</b>;Would <i><b>you</b></i> consider it morally acceptable to <b>save baby birds?</b>","Not at all;Not really;Somewhat;Very Much so",2,female,good,Vali,1,3,saveBird,moneyCharity,offerSeat,experiment,saveBird,highTypeFreq,,,,"day : 13; ",568114,"Very Much so_Very Much so_Not at all",4104,4_4_1
394,nsg:4,65,form,,,"<h1>Noah in Vali</h1>",,,,,1,1,,,,radio,"How likely are people in Vali to <b>donate to children's charities?</b>;Would <i><b>people in Vali</b></i> consider it morally acceptable to <b>donate to children's charities?</b>;Would <i><b>you</b></i> consider it morally acceptable to <b>donate to children's charities?</b>","Not at all;Not really;Somewhat;Very Much so",2,female,good,Vali,1,3,saveBird,moneyCharity,offerSeat,experiment,moneyCharity,lowTypeFreq,,,,"day : 13; ",573151,"Very Much so_Very Much so_Very Much so",4518,4_4_4
395,nsg:4,65,form,,,"<h1>Noah in Vali</h1>",,,,,1,1,,,,radio,"How likely are people in Vali to <b>offer their seat to pregnant people?</b>;Would <i><b>people in Vali</b></i> consider it morally acceptable to <b>offer their seat to pregnant people?</b>;Would <i><b>you</b></i> consider it morally acceptable to <b>offer their seat to pregnant people?</b>","Not at all;Not really;Somewhat;Very Much so",2,female,good,Vali,1,3,saveBird,moneyCharity,offerSeat,experiment,offerSeat,single,,,,"day : 13; ",576037,"Not really_Not really_Very Much so",2369,2_2_4
405,nsg:4,67,form,,,"<h1>Noah in Clego</h1>",,,,,1,1,,,,radio,"How likely are people in Clego to <b>help elderly carry heavy groceries?</b>;Would <i><b>people in Clego</b></i> consider it morally acceptable to <b>help elderly carry heavy groceries?</b>;Would <i><b>you</b></i> consider it morally acceptable to <b>help elderly carry heavy groceries?</b>","Not at all;Not really;Somewhat;Very Much so",2,male,good,Clego,3,3,heavyGroceries,holdDoor,returnWallet,experiment,heavyGroceries,highTypeFreq,,,,"day : 13; ",653130,"Very Much so_Very Much so_Somewhat",6540,4_4_3
406,nsg:4,67,form,,,"<h1>Noah in Clego</h1>",,,,,1,1,,,,radio,"How likely are people in Clego to <b>hold elevator doors for others?</b>;Would <i><b>people in Clego</b></i> consider it morally acceptable to <b>hold elevator doors for others?</b>;Would <i><b>you</b></i> consider it morally acceptable to <b>hold elevator doors for others?</b>","Not at all;Not really;Somewhat;Very Much so",2,male,good,Clego,3,3,heavyGroceries,holdDoor,returnWallet,experiment,holdDoor,lowTypeFreq,,,,"day : 13; ",656992,"Very Much so_Very Much so_Very Much so",3342,4_4_4
407,nsg:4,67,form,,,"<h1>Noah in Clego</h1>",,,,,1,1,,,,radio,"How likely are people in Clego to <b>return wallets?</b>;Would <i><b>people in Clego</b></i> consider it morally acceptable to <b>return wallets?</b>;Would <i><b>you</b></i> consider it morally acceptable to <b>return wallets?</b>","Not at all;Not really;Somewhat;Very Much so",2,male,good,Clego,3,3,heavyGroceries,holdDoor,returnWallet,experiment,returnWallet,single,,,,"day : 13; ",659876,"Not really_Not really_Very Much so",2367,2_2_4
267,nsg:4,44,form,,,"<h1>Noah in Gralens</h1>",,,,,1,1,,,,radio,"How likely are people in Gralens to <b>help the elderly cross a road?</b>;Would <i><b>people in Gralens</b></i> consider it morally acceptable to <b>help the elderly cross a road?</b>;Would <i><b>you</b></i> consider it morally acceptable to <b>help the elderly cross a road?</b>","Not at all;Not really;Somewhat;Very Much so",2,male,good,Gralens,4,1,helpElderly,largeTip,lostDirections,experiment,helpElderly,highTypeFreq,,,,"day : 13; ",738064,"Very Much so_Very Much so_Very Much so",7658,4_4_4
268,nsg:4,44,form,,,"<h1>Noah in Gralens</h1>",,,,,1,1,,,,radio,"How likely are people in Gralens to <b>leave a generous tip to the server?</b>;Would <i><b>people in Gralens</b></i> consider it morally acceptable to <b>leave a generous tip to the server?</b>;Would <i><b>you</b></i> consider it morally acceptable to <b>leave a generous tip to the server?</b>","Not at all;Not really;Somewhat;Very Much so",2,male,good,Gralens,4,1,helpElderly,largeTip,lostDirections,experiment,largeTip,lowTypeFreq,,,,"day : 13; ",747045,"Very Much so_Very Much so_Somewhat",8464,4_4_3
269,nsg:4,44,form,,,"<h1>Noah in Gralens</h1>",,,,,1,1,,,,radio,"How likely are people in Gralens to <b>give directions?</b>;Would <i><b>people in Gralens</b></i> consider it morally acceptable to <b>give directions?</b>;Would <i><b>you</b></i> consider it morally acceptable to <b>give directions?</b>","Not at all;Not really;Somewhat;Very Much so",2,male,good,Gralens,4,1,helpElderly,largeTip,lostDirections,experiment,lostDirections,single,,,,"day : 13; ",751063,"Not really_Not really_Somewhat",3495,2_2_3
399,nsg:4,66,form,,,"<h1>Noah in Tiare</h1>",,,,,1,1,,,,radio,"How likely are people in Tiare to <b>invite other families to share fruit?</b>;Would <i><b>people in Tiare</b></i> consider it morally acceptable to <b>invite other families to share fruit?</b>;Would <i><b>you</b></i> consider it morally acceptable to <b>invite other families to share fruit?</b>","Not at all;Not really;Somewhat;Very Much so",2,female,good,Tiare,2,3,shareFruit,buyCoffee,trippedChild,experiment,shareFruit,highTypeFreq,,,,"day : 13; ",826239,"Very Much so_Very Much so_Not really",4644,4_4_2
400,nsg:4,66,form,,,"<h1>Noah in Tiare</h1>",,,,,1,1,,,,radio,"How likely are people in Tiare to <b>buy coffee for their colleagues?</b>;Would <i><b>people in Tiare</b></i> consider it morally acceptable to <b>buy coffee for their colleagues?</b>;Would <i><b>you</b></i> consider it morally acceptable to <b>buy coffee for their colleagues?</b>","Not at all;Not really;Somewhat;Very Much so",2,female,good,Tiare,2,3,shareFruit,buyCoffee,trippedChild,experiment,buyCoffee,lowTypeFreq,,,,"day : 13; ",831111,"Very Much so_Very Much so_Not really",4350,4_4_2
401,nsg:4,66,form,,,"<h1>Noah in Tiare</h1>",,,,,1,1,,,,radio,"How likely are people in Tiare to <b>block streets to allow children to cross them?</b>;Would <i><b>people in Tiare</b></i> consider it morally acceptable to <b>block streets to allow children to cross them?</b>;Would <i><b>you</b></i> consider it morally acceptable to <b>block streets to allow children to cross them?</b>","Not at all;Not really;Somewhat;Very Much so",2,female,good,Tiare,2,3,shareFruit,buyCoffee,trippedChild,experiment,trippedChild,single,,,,"day : 13; ",836945,"Not really_Not really_Somewhat",5315,2_2_3
321,nsg:4,53,form,,,"<h1>Noah in Styl</h1>",,,,,1,1,,,,radio,"How likely are people in Styl to <b>offer their seat to pregnant people?</b>;Would <i><b>people in Styl</b></i> consider it morally acceptable to <b>offer their seat to pregnant people?</b>;Would <i><b>you</b></i> consider it morally acceptable to <b>offer their seat to pregnant people?</b>","Not at all;Not really;Somewhat;Very Much so",2,female,good,Styl,1,2,offerSeat,saveBird,moneyCharity,experiment,offerSeat,highTypeFreq,,,,"day : 13; ",912233,"Very Much so_Very Much so_Very Much so",4756,4_4_4
322,nsg:4,53,form,,,"<h1>Noah in Styl</h1>",,,,,1,1,,,,radio,"How likely are people in Styl to <b>save baby birds?</b>;Would <i><b>people in Styl</b></i> consider it morally acceptable to <b>save baby birds?</b>;Would <i><b>you</b></i> consider it morally acceptable to <b>save baby birds?</b>","Not at all;Not really;Somewhat;Very Much so",2,female,good,Styl,1,2,offerSeat,saveBird,moneyCharity,experiment,saveBird,lowTypeFreq,,,,"day : 13; ",918295,"Very Much so_Very Much so_Not at all",5544,4_4_1
323,nsg:4,53,form,,,"<h1>Noah in Styl</h1>",,,,,1,1,,,,radio,"How likely are people in Styl to <b>donate to children's charities?</b>;Would <i><b>people in Styl</b></i> consider it morally acceptable to <b>donate to children's charities?</b>;Would <i><b>you</b></i> consider it morally acceptable to <b>donate to children's charities?</b>","Not at all;Not really;Somewhat;Very Much so",2,female,good,Styl,1,2,offerSeat,saveBird,moneyCharity,experiment,moneyCharity,single,,,,"day : 13; ",923530,"Not really_Not really_Very Much so",4717,2_2_4
255,nsg:4,42,form,,,"<h1>Noah in Pastel</h1>",,,,,1,1,,,,radio,"How likely are people in Pastel to <b>buy coffee for their colleagues?</b>;Would <i><b>people in Pastel</b></i> consider it morally acceptable to <b>buy coffee for their colleagues?</b>;Would <i><b>you</b></i> consider it morally acceptable to <b>buy coffee for their colleagues?</b>","Not at all;Not really;Somewhat;Very Much so",2,female,good,Pastel,2,1,buyCoffee,trippedChild,shareFruit,experiment,buyCoffee,highTypeFreq,,,,"day : 13; ",1003904,"Very Much so_Very Much so_Not really",6426,4_4_2
256,nsg:4,42,form,,,"<h1>Noah in Pastel</h1>",,,,,1,1,,,,radio,"How likely are people in Pastel to <b>block streets to allow children to cross them?</b>;Would <i><b>people in Pastel</b></i> consider it morally acceptable to <b>block streets to allow children to cross them?</b>;Would <i><b>you</b></i> consider it morally acceptable to <b>block streets to allow children to cross them?</b>","Not at all;Not really;Somewhat;Very Much so",2,female,good,Pastel,2,1,buyCoffee,trippedChild,shareFruit,experiment,trippedChild,lowTypeFreq,,,,"day : 13; ",1008248,"Very Much so_Very Much so_Somewhat",3819,4_4_3
257,nsg:4,42,form,,,"<h1>Noah in Pastel</h1>",,,,,1,1,,,,radio,"How likely are people in Pastel to <b>invite other families to share fruit?</b>;Would <i><b>people in Pastel</b></i> consider it morally acceptable to <b>invite other families to share fruit?</b>;Would <i><b>you</b></i> consider it morally acceptable to <b>invite other families to share fruit?</b>","Not at all;Not really;Somewhat;Very Much so",2,female,good,Pastel,2,1,buyCoffee,trippedChild,shareFruit,experiment,shareFruit,single,,,,"day : 13; ",1016569,"Not really_Not really_Not at all",7798,2_2_1
333,nsg:4,55,form,,,"<h1>Noah in Therntuthern</h1>",,,,,1,1,,,,radio,"How likely are people in Therntuthern to <b>return wallets?</b>;Would <i><b>people in Therntuthern</b></i> consider it morally acceptable to <b>return wallets?</b>;Would <i><b>you</b></i> consider it morally acceptable to <b>return wallets?</b>","Not at all;Not really;Somewhat;Very Much so",2,male,good,Therntuthern,3,2,returnWallet,heavyGroceries,holdDoor,experiment,returnWallet,highTypeFreq,,,,"day : 13; ",1091089,"Very Much so_Very Much so_Very Much so",3972,4_4_4
334,nsg:4,55,form,,,"<h1>Noah in Therntuthern</h1>",,,,,1,1,,,,radio,"How likely are people in Therntuthern to <b>help elderly carry heavy groceries?</b>;Would <i><b>people in Therntuthern</b></i> consider it morally acceptable to <b>help elderly carry heavy groceries?</b>;Would <i><b>you</b></i> consider it morally acceptable to <b>help elderly carry heavy groceries?</b>","Not at all;Not really;Somewhat;Very Much so",2,male,good,Therntuthern,3,2,returnWallet,heavyGroceries,holdDoor,experiment,heavyGroceries,lowTypeFreq,,,,"day : 13; ",1096056,"Very Much so_Very Much so_Very Much so",4449,4_4_4
335,nsg:4,55,form,,,"<h1>Noah in Therntuthern</h1>",,,,,1,1,,,,radio,"How likely are people in Therntuthern to <b>hold elevator doors for others?</b>;Would <i><b>people in Therntuthern</b></i> consider it morally acceptable to <b>hold elevator doors for others?</b>;Would <i><b>you</b></i> consider it morally acceptable to <b>hold elevator doors for others?</b>","Not at all;Not really;Somewhat;Very Much so",2,male,good,Therntuthern,3,2,returnWallet,heavyGroceries,holdDoor,experiment,holdDoor,single,,,,"day : 13; ",1101584,"Not really_Not really_Somewhat",5010,2_2_3
439,,,form,,,"How much do you agree with this statement?","<p style=""font-size:x-large"">It's not wise to tell your secrets.</p>",,,,1,1,,,,likert,,"Disagree strongly; Disagree; Neither agree nor disagree; Agree; Agree strongly",,,,,,,,,,SD3,,,Machiavellianism,Machiavellianism1,FALSE,"day : 13; ",1110546,Agree,5182,4
440,,,form,,,"How much do you agree with this statement?","<p style=""font-size:x-large"">I like to use clever manipulation to get my way.</p>",,,,1,1,,,,likert,,"Disagree strongly; Disagree; Neither agree nor disagree; Agree; Agree strongly",,,,,,,,,,SD3,,,Machiavellianism,Machiavellianism2,FALSE,"day : 13; ",1114024,Agree,2963,4
441,,,form,,,"How much do you agree with this statement?","<p style=""font-size:x-large"">Whatever it takes, you must get the important people on your side.</p>",,,,1,1,,,,likert,,"Disagree strongly; Disagree; Neither agree nor disagree; Agree; Agree strongly",,,,,,,,,,SD3,,,Machiavellianism,Machiavellianism3,FALSE,"day : 13; ",1117208,"Neither agree nor disagree",2670,3
442,,,form,,,"How much do you agree with this statement?","<p style=""font-size:x-large"">Avoid direct conflict with others because they may be useful in the future.</p>",,,,1,1,,,,likert,,"Disagree strongly; Disagree; Neither agree nor disagree; Agree; Agree strongly",,,,,,,,,,SD3,,,Machiavellianism,Machiavellianism4,FALSE,"day : 13; ",1121262,Agree,3539,4
443,,,form,,,"How much do you agree with this statement?","<p style=""font-size:x-large"">It's wise to keep track of information that you can use against people later.</p>",,,,1,1,,,,likert,,"Disagree strongly; Disagree; Neither agree nor disagree; Agree; Agree strongly",,,,,,,,,,SD3,,,Machiavellianism,Machiavellianism5,FALSE,"day : 13; ",1124813,"Neither agree nor disagree",3038,3
444,,,form,,,"How much do you agree with this statement?","<p style=""font-size:x-large"">You should wait for the right time to get back at people.</p>",,,,1,1,,,,likert,,"Disagree strongly; Disagree; Neither agree nor disagree; Agree; Agree strongly",,,,,,,,,,SD3,,,Machiavellianism,Machiavellianism6,FALSE,"day : 13; ",1128415,"Neither agree nor disagree",3089,3
445,,,form,,,"How much do you agree with this statement?","<p style=""font-size:x-large"">There are things you should hide from other people to preserve your reputation.</p>",,,,1,1,,,,likert,,"Disagree strongly; Disagree; Neither agree nor disagree; Agree; Agree strongly",,,,,,,,,,SD3,,,Machiavellianism,Machiavellianism7,FALSE,"day : 13; ",1132078,Agree,3148,4
446,,,form,,,"How much do you agree with this statement?","<p style=""font-size:x-large"">Make sure your plans benefit yourself, not others.</p>",,,,1,1,,,,likert,,"Disagree strongly; Disagree; Neither agree nor disagree; Agree; Agree strongly",,,,,,,,,,SD3,,,Machiavellianism,Machiavellianism8,FALSE,"day : 13; ",1136963,"Neither agree nor disagree",4371,3
447,,,form,,,"How much do you agree with this statement?","<p style=""font-size:x-large"">Most people can be manipulated.</p>",,,,1,1,,,,likert,,"Disagree strongly; Disagree; Neither agree nor disagree; Agree; Agree strongly",,,,,,,,,,SD3,,,Machiavellianism,Machiavellianism9,FALSE,"day : 13; ",1140322,"Neither agree nor disagree",2845,3
448,,,form,,,"How much do you agree with this statement?","<p style=""font-size:x-large"">People see me as a natural leader.</p>",,,,1,1,,,,likert,,"Disagree strongly; Disagree; Neither agree nor disagree; Agree; Agree strongly",,,,,,,,,,SD3,,,Narcissism,Narcissism1,FALSE,"day : 13; ",1142874,Disagree,2037,2
449,,,form,,,"How much do you agree with this statement?","<p style=""font-size:x-large"">I hate being the center of attention.</p>",,,,1,1,,,,likert,,"Disagree strongly; Disagree; Neither agree nor disagree; Agree; Agree strongly",,,,,,,,,,SD3,,,Narcissism,Narcissism2,TRUE,"day : 13; ",1145519,Disagree,2130,2
450,,,form,,,"How much do you agree with this statement?","<p style=""font-size:x-large"">Many group activities tend to be dull without me.</p>",,,,1,1,,,,likert,,"Disagree strongly; Disagree; Neither agree nor disagree; Agree; Agree strongly",,,,,,,,,,SD3,,,Narcissism,Narcissism3,FALSE,"day : 13; ",1148820,Disagree,2788,2
451,,,form,,,"How much do you agree with this statement?","<p style=""font-size:x-large"">I know that I am special because everyone keeps telling me so.</p>",,,,1,1,,,,likert,,"Disagree strongly; Disagree; Neither agree nor disagree; Agree; Agree strongly",,,,,,,,,,SD3,,,Narcissism,Narcissism4,FALSE,"day : 13; ",1152297,Disagree,2962,2
452,,,form,,,"How much do you agree with this statement?","<p style=""font-size:x-large"">I like to get acquainted with important people.</p>",,,,1,1,,,,likert,,"Disagree strongly; Disagree; Neither agree nor disagree; Agree; Agree strongly",,,,,,,,,,SD3,,,Narcissism,Narcissism5,FALSE,"day : 13; ",1154965,Agree,2152,4
453,,,form,,,"How much do you agree with this statement?","<p style=""font-size:x-large"">I feel embarrassed if someone compliments me.</p>",,,,1,1,,,,likert,,"Disagree strongly; Disagree; Neither agree nor disagree; Agree; Agree strongly",,,,,,,,,,SD3,,,Narcissism,Narcissism6,TRUE,"day : 13; ",1158051,Agree,2573,4
454,,,form,,,"How much do you agree with this statement?","<p style=""font-size:x-large"">I have been compared to famous people.</p>",,,,1,1,,,,likert,,"Disagree strongly; Disagree; Neither agree nor disagree; Agree; Agree strongly",,,,,,,,,,SD3,,,Narcissism,Narcissism7,FALSE,"day : 13; ",1160886,"Disagree strongly",2320,1
455,,,form,,,"How much do you agree with this statement?","<p style=""font-size:x-large"">I am an average person.</p>",,,,1,1,,,,likert,,"Disagree strongly; Disagree; Neither agree nor disagree; Agree; Agree strongly",,,,,,,,,,SD3,,,Narcissism,Narcissism8,TRUE,"day : 13; ",1163185,Agree,1785,4
456,,,form,,,"How much do you agree with this statement?","<p style=""font-size:x-large"">I insist on getting the respect I deserve.</p>",,,,1,1,,,,likert,,"Disagree strongly; Disagree; Neither agree nor disagree; Agree; Agree strongly",,,,,,,,,,SD3,,,Narcissism,Narcissism9,FALSE,"day : 13; ",1166488,Agree,2781,4
457,,,form,,,"How much do you agree with this statement?","<p style=""font-size:x-large"">I like to get revenge on authorities.</p>",,,,1,1,,,,likert,,"Disagree strongly; Disagree; Neither agree nor disagree; Agree; Agree strongly",,,,,,,,,,SD3,,,Psychopathy,Psychopathy1,FALSE,"day : 13; ",1169566,"Disagree strongly",2558,1
458,,,form,,,"How much do you agree with this statement?","<p style=""font-size:x-large"">I avoid dangerous situations.</p>",,,,1,1,,,,likert,,"Disagree strongly; Disagree; Neither agree nor disagree; Agree; Agree strongly",,,,,,,,,,SD3,,,Psychopathy,Psychopathy2,TRUE,"day : 13; ",1172001,"Agree strongly",1922,5
459,,,form,,,"How much do you agree with this statement?","<p style=""font-size:x-large"">Payback needs to be quick and nasty.</p>",,,,1,1,,,,likert,,"Disagree strongly; Disagree; Neither agree nor disagree; Agree; Agree strongly",,,,,,,,,,SD3,,,Psychopathy,Psychopathy3,FALSE,"day : 13; ",1175469,Disagree,2954,2
460,,,form,,,"How much do you agree with this statement?","<p style=""font-size:x-large"">People often say I'm out of control.</p>",,,,1,1,,,,likert,,"Disagree strongly; Disagree; Neither agree nor disagree; Agree; Agree strongly",,,,,,,,,,SD3,,,Psychopathy,Psychopathy4,FALSE,"day : 13; ",1179211,"Disagree strongly",3228,1
461,,,form,,,"How much do you agree with this statement?","<p style=""font-size:x-large"">It's true that I can be mean to others.</p>",,,,1,1,,,,likert,,"Disagree strongly; Disagree; Neither agree nor disagree; Agree; Agree strongly",,,,,,,,,,SD3,,,Psychopathy,Psychopathy5,FALSE,"day : 13; ",1184224,"Disagree strongly",4499,1
462,,,form,,,"How much do you agree with this statement?","<p style=""font-size:x-large"">People who mess with me always regret it.</p>",,,,1,1,,,,likert,,"Disagree strongly; Disagree; Neither agree nor disagree; Agree; Agree strongly",,,,,,,,,,SD3,,,Psychopathy,Psychopathy6,FALSE,"day : 13; ",1189653,"Disagree strongly",4916,1
463,,,form,,,"How much do you agree with this statement?","<p style=""font-size:x-large"">I have never gotten into trouble with the law.</p>",,,,1,1,,,,likert,,"Disagree strongly; Disagree; Neither agree nor disagree; Agree; Agree strongly",,,,,,,,,,SD3,,,Psychopathy,Psychopathy7,TRUE,"day : 13; ",1196690,"Agree strongly",6524,5
464,,,form,,,"How much do you agree with this statement?","<p style=""font-size:x-large"">I enjoy having sex with people I hardly know.</p>",,,,1,1,,,,likert,,"Disagree strongly; Disagree; Neither agree nor disagree; Agree; Agree strongly",,,,,,,,,,SD3,,,Psychopathy,Psychopathy8,FALSE,"day : 13; ",1201566,"Disagree strongly",4363,1
465,,,form,,,"How much do you agree with this statement?","<p style=""font-size:x-large"">I'll say anything to get what I want.</p>",,,,1,1,,,,likert,,"Disagree strongly; Disagree; Neither agree nor disagree; Agree; Agree strongly",,,,,,,,,,SD3,,,Psychopathy,Psychopathy9,FALSE,"day : 13; ",1206112,"Neither agree nor disagree",4032,3
