"<p style='text-align:left;width:900px;'><img src='stimuli/female_208.jpg' height='300' style='padding: 0 10px 10px 0; float:left;'  /><br><br><b>Day %day% in Marjy</b><br><br>Noah saw this person park in a priority disabled parking space without displaying a blue badge.</p>"
"<p style='text-align:left;width:900px;'><img src='stimuli/female_48.jpg' height='300' style='padding: 0 10px 10px 0; float:left;'  /><br><br><b>Day %day% in Marjy</b><br><br>Noah saw this person park in a priority disabled parking space without displaying a blue badge.</p>"
"<p style='text-align:left;width:900px;'><img src='stimuli/female_142.jpg' height='300' style='padding: 0 10px 10px 0; float:left;'  /><br><br><b>Day %day% in Marjy</b><br><br>Noah saw this person park in a priority disabled parking space without displaying a blue badge.</p>"
"<p style='text-align:left;width:900px;'><img src='stimuli/female_66.jpg' height='300' style='padding: 0 10px 10px 0; float:left;'  /><br><br><b>Day %day% in Marjy</b><br><br>Noah saw this person park in a priority disabled parking space without displaying a blue badge.</p>"
"<p style='text-align:left;width:900px;'><img src='stimuli/female_60.jpg' height='300' style='padding: 0 10px 10px 0; float:left;'  /><br><br><b>Day %day% in Marjy</b><br><br>Noah saw this person park in a priority disabled parking space without displaying a blue badge.</p>"
"<p style='text-align:left;width:900px;'><img src='stimuli/female_207.jpg' height='300' style='padding: 0 10px 10px 0; float:left;'  /><br><br><b>Day %day% in Marjy</b><br><br>Noah was returning a book and this person made loud noises at the library.</p>"
"<p style='text-align:left;width:900px;'><img src='stimuli/female_207.jpg' height='300' style='padding: 0 10px 10px 0; float:left;'  /><br><br><b>Day %day% in Marjy</b><br><br>Noah was returning a book and this person made loud noises at the library.</p>"
"<p style='text-align:left;width:900px;'><img src='stimuli/female_207.jpg' height='300' style='padding: 0 10px 10px 0; float:left;'  /><br><br><b>Day %day% in Marjy</b><br><br>Noah was returning a book and this person made loud noises at the library.</p>"
"<p style='text-align:left;width:900px;'><img src='stimuli/female_207.jpg' height='300' style='padding: 0 10px 10px 0; float:left;'  /><br><br><b>Day %day% in Marjy</b><br><br>Noah was returning a book and this person made loud noises at the library.</p>"
"<p style='text-align:left;width:900px;'><img src='stimuli/female_207.jpg' height='300' style='padding: 0 10px 10px 0; float:left;'  /><br><br><b>Day %day% in Marjy</b><br><br>Noah was returning a book and this person made loud noises at the library.</p>"
