"<p style='text-align:left;width:900px;'><img src='stimuli/male_117.jpg' height='300' style='padding: 0 10px 10px 0; float:left;'  /><br><br><b>Day %day% in Zlefwood</b><br><br>Noah walked along the canal and saw this person littering in the canals.</p>"
"<p style='text-align:left;width:900px;'><img src='stimuli/male_94.jpg' height='300' style='padding: 0 10px 10px 0; float:left;'  /><br><br><b>Day %day% in Zlefwood</b><br><br>Noah walked along the canal and saw this person littering in the canals.</p>"
"<p style='text-align:left;width:900px;'><img src='stimuli/male_77.jpg' height='300' style='padding: 0 10px 10px 0; float:left;'  /><br><br><b>Day %day% in Zlefwood</b><br><br>Noah walked along the canal and saw this person littering in the canals.</p>"
"<p style='text-align:left;width:900px;'><img src='stimuli/male_203.jpg' height='300' style='padding: 0 10px 10px 0; float:left;'  /><br><br><b>Day %day% in Zlefwood</b><br><br>Noah walked along the canal and saw this person littering in the canals.</p>"
"<p style='text-align:left;width:900px;'><img src='stimuli/male_161.jpg' height='300' style='padding: 0 10px 10px 0; float:left;'  /><br><br><b>Day %day% in Zlefwood</b><br><br>Noah walked along the canal and saw this person littering in the canals.</p>"
"<p style='text-align:left;width:900px;'><img src='stimuli/male_116.jpg' height='300' style='padding: 0 10px 10px 0; float:left;'  /><br><br><b>Day %day% in Zlefwood</b><br><br>Noah saw this person park in a priority disabled parking space without displaying a blue badge.</p>"
"<p style='text-align:left;width:900px;'><img src='stimuli/male_116.jpg' height='300' style='padding: 0 10px 10px 0; float:left;'  /><br><br><b>Day %day% in Zlefwood</b><br><br>Noah saw this person park in a priority disabled parking space without displaying a blue badge.</p>"
"<p style='text-align:left;width:900px;'><img src='stimuli/male_116.jpg' height='300' style='padding: 0 10px 10px 0; float:left;'  /><br><br><b>Day %day% in Zlefwood</b><br><br>Noah saw this person park in a priority disabled parking space without displaying a blue badge.</p>"
"<p style='text-align:left;width:900px;'><img src='stimuli/male_116.jpg' height='300' style='padding: 0 10px 10px 0; float:left;'  /><br><br><b>Day %day% in Zlefwood</b><br><br>Noah saw this person park in a priority disabled parking space without displaying a blue badge.</p>"
"<p style='text-align:left;width:900px;'><img src='stimuli/male_116.jpg' height='300' style='padding: 0 10px 10px 0; float:left;'  /><br><br><b>Day %day% in Zlefwood</b><br><br>Noah saw this person park in a priority disabled parking space without displaying a blue badge.</p>"
