subjectGroup,browser,version,screenWidth,screenHeight,OS,OS_lang,GMT_timestamp,local_timestamp,trial_file_version,mindsCode,batchID,link,age,gender,tallies,duration_s
"2",Chrome,115.0.0.0,1280,720,Windows,en-US,2023-08-16_14:02:39,2023-08-16_09:02:39,2023-08-15_14:13:36,4cea5be17f3f81f132634760b263b5897309fc71,TYTTKD-02,https://www.testable.org/experiment/2286/159771/start?participant=M189020&batch_id=TYTTKD-02,"47",woman,"day : 13; ",2852.637

rowNo,subjectGroup,randomBlock,type,stim1,stimFormat,head,button1,button2,button3,pageBreak,required,if,then,feedback,responseType,responseRows,responseOptions,myGenderSubjectGroup,myFaceGender,myValence,myPlaceName,mySet,myAssignmentCondition,myHighTypeFreqAction,myLowTypeFreqAction,mySingletonAction,myPhase,myQueriedAction,myQueriedActionStatus,tallies,timestamp,response,RT,responseCode
"5","","",test,What is the name of the person whose travel journal you are about to read?,word,"",Moses,Noah,Fred,"1","1",!2,end,"1: This is not correct, the experiment will end now.;2: This is correct.; 3: This is not correct, the experiment will end now.","","","","","","","","","","","","",attentionTest,"","","day : 0; ",50040,"2",1398,""
"381",nsg:2,"63",form,"","",<h1>Noah in Cluakpus</h1>,"","","","1","1","","","",radio,How likely are people in Cluakpus to <b>smoke marijuana?</b>;Would <i><b>people in Cluakpus</b></i> consider it morally acceptable to <b>smoke marijuana?</b>;Would <i><b>you</b></i> consider it morally acceptable to <b>smoke marijuana?</b>,Not at all;Not really;Somewhat;Very Much so,"2",male,bad,Cluakpus,"3","3",smokingMarijuana,skipQueue,punchOfficer,experiment,smokingMarijuana,highTypeFreq,"day : 13; ",134525,Very Much so_Very Much so_Very Much so,12610,4_4_4
"382",nsg:2,"63",form,"","",<h1>Noah in Cluakpus</h1>,"","","","1","1","","","",radio,How likely are people in Cluakpus to <b>skip queues?</b>;Would <i><b>people in Cluakpus</b></i> consider it morally acceptable to <b>skip queues?</b>;Would <i><b>you</b></i> consider it morally acceptable to <b>skip queues?</b>,Not at all;Not really;Somewhat;Very Much so,"2",male,bad,Cluakpus,"3","3",smokingMarijuana,skipQueue,punchOfficer,experiment,skipQueue,lowTypeFreq,"day : 13; ",143662,Not really_Not at all_Not at all,8617,2_1_1
"383",nsg:2,"63",form,"","",<h1>Noah in Cluakpus</h1>,"","","","1","1","","","",radio,How likely are people in Cluakpus to <b>punch police officers?</b>;Would <i><b>people in Cluakpus</b></i> consider it morally acceptable to <b>punch police officers?</b>;Would <i><b>you</b></i> consider it morally acceptable to <b>punch police officers?</b>,Not at all;Not really;Somewhat;Very Much so,"2",male,bad,Cluakpus,"3","3",smokingMarijuana,skipQueue,punchOfficer,experiment,punchOfficer,single,"day : 13; ",149566,Not at all_Not at all_Not at all,5388,1_1_1
"309",nsg:2,"51",form,"","",<h1>Noah in Bruff</h1>,"","","","1","1","","","",radio,How likely are people in Bruff to <b>punch police officers?</b>;Would <i><b>people in Bruff</b></i> consider it morally acceptable to <b>punch police officers?</b>;Would <i><b>you</b></i> consider it morally acceptable to <b>punch police officers?</b>,Not at all;Not really;Somewhat;Very Much so,"2",male,bad,Bruff,"3","2",punchOfficer,smokingMarijuana,skipQueue,experiment,punchOfficer,highTypeFreq,"day : 13; ",228830,Somewhat_Somewhat_Not at all,8765,3_3_1
"310",nsg:2,"51",form,"","",<h1>Noah in Bruff</h1>,"","","","1","1","","","",radio,How likely are people in Bruff to <b>smoke marijuana?</b>;Would <i><b>people in Bruff</b></i> consider it morally acceptable to <b>smoke marijuana?</b>;Would <i><b>you</b></i> consider it morally acceptable to <b>smoke marijuana?</b>,Not at all;Not really;Somewhat;Very Much so,"2",male,bad,Bruff,"3","2",punchOfficer,smokingMarijuana,skipQueue,experiment,smokingMarijuana,lowTypeFreq,"day : 13; ",236871,Not really_Not really_Very Much so,7528,2_2_4
"311",nsg:2,"51",form,"","",<h1>Noah in Bruff</h1>,"","","","1","1","","","",radio,How likely are people in Bruff to <b>skip queues?</b>;Would <i><b>people in Bruff</b></i> consider it morally acceptable to <b>skip queues?</b>;Would <i><b>you</b></i> consider it morally acceptable to <b>skip queues?</b>,Not at all;Not really;Somewhat;Very Much so,"2",male,bad,Bruff,"3","2",punchOfficer,smokingMarijuana,skipQueue,experiment,skipQueue,single,"day : 13; ",246242,Not really_Not at all_Not at all,8856,2_1_1
"315",nsg:2,"52",form,"","",<h1>Noah in Freezington</h1>,"","","","1","1","","","",radio,How likely are people in Freezington to <b>pillage corn from a field?</b>;Would <i><b>people in Freezington</b></i> consider it morally acceptable to <b>pillage corn from a field?</b>;Would <i><b>you</b></i> consider it morally acceptable to <b>pillage corn from a field?</b>,Not at all;Not really;Somewhat;Very Much so,"2",male,bad,Freezington,"4","2",pillageCorn,packageTheft,avoidFare,experiment,pillageCorn,highTypeFreq,"day : 13; ",325202,Somewhat_Somewhat_Not at all,8465,3_3_1
"316",nsg:2,"52",form,"","",<h1>Noah in Freezington</h1>,"","","","1","1","","","",radio,How likely are people in Freezington to <b>steal packages from a doorstep?</b>;Would <i><b>people in Freezington</b></i> consider it morally acceptable to <b>steal packages from a doorstep?</b>;Would <i><b>you</b></i> consider it morally acceptable to <b>steal a package from a doorstep?</b>,Not at all;Not really;Somewhat;Very Much so,"2",male,bad,Freezington,"4","2",pillageCorn,packageTheft,avoidFare,experiment,packageTheft,lowTypeFreq,"day : 13; ",333782,Not at all_Not at all_Not at all,8066,1_1_1
"317",nsg:2,"52",form,"","",<h1>Noah in Freezington</h1>,"","","","1","1","","","",radio,How likely are people in Freezington to <b>avoid paying tube fares by jumping over a gate?</b>;Would <i><b>people in Freezington</b></i> consider it morally acceptable to <b>avoid paying tube fares by jumping over a gate?</b>;Would <i><b>you</b></i> consider it morally acceptable to <b>avoid paying tube fares by jumping over a gate?</b>,Not at all;Not really;Somewhat;Very Much so,"2",male,bad,Freezington,"4","2",pillageCorn,packageTheft,avoidFare,experiment,avoidFare,single,"day : 13; ",342274,Not really_Not at all_Not at all,7976,2_1_1
"303",nsg:2,"50",form,"","",<h1>Noah in Lakebrook</h1>,"","","","1","1","","","",radio,How likely are people in Lakebrook to <b>make loud noises at the library?</b>;Would <i><b>people in Lakebrook</b></i> consider it morally acceptable to <b>make loud noises at the library?</b>;Would <i><b>you</b></i> consider it morally acceptable to <b>make loud noises at the library?</b>,Not at all;Not really;Somewhat;Very Much so,"2",female,bad,Lakebrook,"2","2",loudNoise,litterCanal,disabledParking,experiment,loudNoise,highTypeFreq,"day : 13; ",441859,Very Much so_Somewhat_Not really,11436,4_3_2
"304",nsg:2,"50",form,"","",<h1>Noah in Lakebrook</h1>,"","","","1","1","","","",radio,How likely are people in Lakebrook to <b>litter in canals?</b>;Would <i><b>people in Lakebrook</b></i> consider it morally acceptable to <b>litter in canals?</b>;Would <i><b>you</b></i> consider it morally acceptable to <b>litter in canals?</b>,Not at all;Not really;Somewhat;Very Much so,"2",female,bad,Lakebrook,"2","2",loudNoise,litterCanal,disabledParking,experiment,litterCanal,lowTypeFreq,"day : 13; ",448875,Not really_Not at all_Not at all,6502,2_1_1
"305",nsg:2,"50",form,"","",<h1>Noah in Lakebrook</h1>,"","","","1","1","","","",radio,How likely are people in Lakebrook to <b>park in priority disabled parking spaces?</b>;Would <i><b>people in Lakebrook</b></i> consider it morally acceptable to <b>park in disabled parking spaces?</b>;Would <i><b>you</b></i> consider it morally acceptable to <b>park in priority disabled parking spaces?</b>,Not at all;Not really;Somewhat;Very Much so,"2",female,bad,Lakebrook,"2","2",loudNoise,litterCanal,disabledParking,experiment,disabledParking,single,"day : 13; ",459746,Not really_Not at all_Not at all,10355,2_1_1
"225",nsg:2,"37",form,"","",<h1>Noah in Sephy</h1>,"","","","1","1","","","",radio,How likely are people in Sephy to <b>cycle past red lights?</b>;Would <i><b>people in Sephy</b></i> consider it morally acceptable to <b>cycle past red lights?</b>;Would <i><b>you</b></i> consider it morally acceptable to <b>cycle past red lights?</b>,Not at all;Not really;Somewhat;Very Much so,"2",female,bad,Sephy,"1","1",passLight,shoutDriver,Gossiping,experiment,passLight,highTypeFreq,"day : 13; ",542690,Very Much so_Very Much so_Somewhat,10498,4_4_3
"226",nsg:2,"37",form,"","",<h1>Noah in Sephy</h1>,"","","","1","1","","","",radio,How likely are people in Sephy to <b>shout at other drivers?</b>;Would <i><b>people in Sephy</b></i> consider it morally acceptable to <b>shout at other drivers?</b>;Would <i><b>you</b></i> consider it morally acceptable to <b>shout at other drivers?</b>,Not at all;Not really;Somewhat;Very Much so,"2",female,bad,Sephy,"1","1",passLight,shoutDriver,Gossiping,experiment,shoutDriver,lowTypeFreq,"day : 13; ",553538,Not really_Not really_Not really,10333,2_2_2
"227",nsg:2,"37",form,"","",<h1>Noah in Sephy</h1>,"","","","1","1","","","",radio,How likely are people in Sephy to <b>gossip badly?</b>;Would <i><b>people in Sephy</b></i> consider it morally acceptable to <b>gossip badly?</b>;Would <i><b>you</b></i> consider it morally acceptable to <b>gossip badly?</b>,Not at all;Not really;Somewhat;Very Much so,"2",female,bad,Sephy,"1","1",passLight,shoutDriver,Gossiping,experiment,Gossiping,single,"day : 13; ",560434,Not really_Not really_Not really,6380,2_2_2
"237",nsg:2,"39",form,"","",<h1>Noah in Quai</h1>,"","","","1","1","","","",radio,How likely are people in Quai to <b>skip queues?</b>;Would <i><b>people in Quai</b></i> consider it morally acceptable to <b>skip queues?</b>;Would <i><b>you</b></i> consider it morally acceptable to <b>skip queues?</b>,Not at all;Not really;Somewhat;Very Much so,"2",male,bad,Quai,"3","1",skipQueue,punchOfficer,smokingMarijuana,experiment,skipQueue,highTypeFreq,"day : 13; ",639991,Very Much so_Somewhat_Not at all,9061,4_3_1
"238",nsg:2,"39",form,"","",<h1>Noah in Quai</h1>,"","","","1","1","","","",radio,How likely are people in Quai to <b>punch police officers?</b>;Would <i><b>people in Quai</b></i> consider it morally acceptable to <b>punch police officers?</b>;Would <i><b>you</b></i> consider it morally acceptable to <b>punch police officers?</b>,Not at all;Not really;Somewhat;Very Much so,"2",male,bad,Quai,"3","1",skipQueue,punchOfficer,smokingMarijuana,experiment,punchOfficer,lowTypeFreq,"day : 13; ",646054,Not at all_Not at all_Not at all,5551,1_1_1
"239",nsg:2,"39",form,"","",<h1>Noah in Quai</h1>,"","","","1","1","","","",radio,How likely are people in Quai to <b>smoke marijuana?</b>;Would <i><b>people in Quai</b></i> consider it morally acceptable to <b>smoke marijuana?</b>;Would <i><b>you</b></i> consider it morally acceptable to <b>smoke marijuana?</b>,Not at all;Not really;Somewhat;Very Much so,"2",male,bad,Quai,"3","1",skipQueue,punchOfficer,smokingMarijuana,experiment,smokingMarijuana,single,"day : 13; ",655418,Not really_Not really_Very Much so,8849,2_2_4
"387",nsg:2,"64",form,"","",<h1>Noah in Everfell</h1>,"","","","1","1","","","",radio,How likely are people in Everfell to <b>steal packages from a doorstep?</b>;Would <i><b>people in Everfell</b></i> consider it morally acceptable to <b>steal packages from a doorstep?</b>;Would <i><b>you</b></i> consider it morally acceptable to <b>steal a package from a doorstep?</b>,Not at all;Not really;Somewhat;Very Much so,"2",male,bad,Everfell,"4","3",packageTheft,avoidFare,pillageCorn,experiment,packageTheft,highTypeFreq,"day : 13; ",735923,Somewhat_Somewhat_Not at all,10005,3_3_1
"388",nsg:2,"64",form,"","",<h1>Noah in Everfell</h1>,"","","","1","1","","","",radio,How likely are people in Everfell to <b>avoid paying tube fares by jumping over a gate?</b>;Would <i><b>people in Everfell</b></i> consider it morally acceptable to <b>avoid paying tube fares by jumping over a gate?</b>;Would <i><b>you</b></i> consider it morally acceptable to <b>avoid paying tube fares by jumping over a gate?</b>,Not at all;Not really;Somewhat;Very Much so,"2",male,bad,Everfell,"4","3",packageTheft,avoidFare,pillageCorn,experiment,avoidFare,lowTypeFreq,"day : 13; ",744478,Not really_Not at all_Not at all,8035,2_1_1
"389",nsg:2,"64",form,"","",<h1>Noah in Everfell</h1>,"","","","1","1","","","",radio,How likely are people in Everfell to <b>pillage corn from a field?</b>;Would <i><b>people in Everfell</b></i> consider it morally acceptable to <b>pillage corn from a field?</b>;Would <i><b>you</b></i> consider it morally acceptable to <b>pillage corn from a field?</b>,Not at all;Not really;Somewhat;Very Much so,"2",male,bad,Everfell,"4","3",packageTheft,avoidFare,pillageCorn,experiment,pillageCorn,single,"day : 13; ",752074,Not really_Not at all_Not at all,7084,2_1_1
"369",nsg:2,"61",form,"","",<h1>Noah in Faylight</h1>,"","","","1","1","","","",radio,How likely are people in Faylight to <b>gossip badly?</b>;Would <i><b>people in Faylight</b></i> consider it morally acceptable to <b>gossip badly?</b>;Would <i><b>you</b></i> consider it morally acceptable to <b>gossip badly?</b>,Not at all;Not really;Somewhat;Very Much so,"2",female,bad,Faylight,"1","3",Gossiping,passLight,shoutDriver,experiment,Gossiping,highTypeFreq,"day : 13; ",915063,Very Much so_Somewhat_Not at all,7586,4_3_1
"370",nsg:2,"61",form,"","",<h1>Noah in Faylight</h1>,"","","","1","1","","","",radio,How likely are people in Faylight to <b>cycle past red lights?</b>;Would <i><b>people in Faylight</b></i> consider it morally acceptable to <b>cycle past red lights?</b>;Would <i><b>you</b></i> consider it morally acceptable to <b>cycle past red lights?</b>,Not at all;Not really;Somewhat;Very Much so,"2",female,bad,Faylight,"1","3",Gossiping,passLight,shoutDriver,experiment,passLight,lowTypeFreq,"day : 13; ",925318,Not at all_Not at all_Somewhat,9740,1_1_3
"371",nsg:2,"61",form,"","",<h1>Noah in Faylight</h1>,"","","","1","1","","","",radio,How likely are people in Faylight to <b>shout at other drivers?</b>;Would <i><b>people in Faylight</b></i> consider it morally acceptable to <b>shout at other drivers?</b>;Would <i><b>you</b></i> consider it morally acceptable to <b>shout at other drivers?</b>,Not at all;Not really;Somewhat;Very Much so,"2",female,bad,Faylight,"1","3",Gossiping,passLight,shoutDriver,experiment,shoutDriver,single,"day : 13; ",932903,Not at all_Not at all_Not at all,7070,1_1_1
"375",nsg:2,"62",form,"","",<h1>Noah in Zlefwood</h1>,"","","","1","1","","","",radio,How likely are people in Zlefwood to <b>litter in canals?</b>;Would <i><b>people in Zlefwood</b></i> consider it morally acceptable to <b>litter in canals?</b>;Would <i><b>you</b></i> consider it morally acceptable to <b>litter in canals?</b>,Not at all;Not really;Somewhat;Very Much so,"2",female,bad,Zlefwood,"2","3",litterCanal,disabledParking,loudNoise,experiment,litterCanal,highTypeFreq,"day : 13; ",2054675,Very Much so_Somewhat_Not at all,13093,4_3_1
"376",nsg:2,"62",form,"","",<h1>Noah in Zlefwood</h1>,"","","","1","1","","","",radio,How likely are people in Zlefwood to <b>park in priority disabled parking spaces?</b>;Would <i><b>people in Zlefwood</b></i> consider it morally acceptable to <b>park in disabled parking spaces?</b>;Would <i><b>you</b></i> consider it morally acceptable to <b>park in priority disabled parking spaces?</b>,Not at all;Not really;Somewhat;Very Much so,"2",female,bad,Zlefwood,"2","3",litterCanal,disabledParking,loudNoise,experiment,disabledParking,lowTypeFreq,"day : 13; ",2060475,Not at all_Not at all_Not at all,5286,1_1_1
"377",nsg:2,"62",form,"","",<h1>Noah in Zlefwood</h1>,"","","","1","1","","","",radio,How likely are people in Zlefwood to <b>make loud noises at the library?</b>;Would <i><b>people in Zlefwood</b></i> consider it morally acceptable to <b>make loud noises at the library?</b>;Would <i><b>you</b></i> consider it morally acceptable to <b>make loud noises at the library?</b>,Not at all;Not really;Somewhat;Very Much so,"2",female,bad,Zlefwood,"2","3",litterCanal,disabledParking,loudNoise,experiment,loudNoise,single,"day : 13; ",2067091,Not really_Not really_Not really,6102,2_2_2
"231",nsg:2,"38",form,"","",<h1>Noah in Marjy</h1>,"","","","1","1","","","",radio,How likely are people in Marjy to <b>park in priority disabled parking spaces?</b>;Would <i><b>people in Marjy</b></i> consider it morally acceptable to <b>park in disabled parking spaces?</b>;Would <i><b>you</b></i> consider it morally acceptable to <b>park in priority disabled parking spaces?</b>,Not at all;Not really;Somewhat;Very Much so,"2",female,bad,Marjy,"2","1",disabledParking,loudNoise,litterCanal,experiment,disabledParking,highTypeFreq,"day : 13; ",2190226,Very Much so_Somewhat_Not at all,9612,4_3_1
"232",nsg:2,"38",form,"","",<h1>Noah in Marjy</h1>,"","","","1","1","","","",radio,How likely are people in Marjy to <b>make loud noises at the library?</b>;Would <i><b>people in Marjy</b></i> consider it morally acceptable to <b>make loud noises at the library?</b>;Would <i><b>you</b></i> consider it morally acceptable to <b>make loud noises at the library?</b>,Not at all;Not really;Somewhat;Very Much so,"2",female,bad,Marjy,"2","1",disabledParking,loudNoise,litterCanal,experiment,loudNoise,lowTypeFreq,"day : 13; ",2199471,Not at all_Not really_Not really,8725,1_2_2
"233",nsg:2,"38",form,"","",<h1>Noah in Marjy</h1>,"","","","1","1","","","",radio,How likely are people in Marjy to <b>litter in canals?</b>;Would <i><b>people in Marjy</b></i> consider it morally acceptable to <b>litter in canals?</b>;Would <i><b>you</b></i> consider it morally acceptable to <b>litter in canals?</b>,Not at all;Not really;Somewhat;Very Much so,"2",female,bad,Marjy,"2","1",disabledParking,loudNoise,litterCanal,experiment,litterCanal,single,"day : 13; ",2206986,Not at all_Not at all_Not at all,7004,1_1_1
"243",nsg:2,"40",form,"","",<h1>Noah in Newdale</h1>,"","","","1","1","","","",radio,How likely are people in Newdale to <b>avoid paying tube fares by jumping over a gate?</b>;Would <i><b>people in Newdale</b></i> consider it morally acceptable to <b>avoid paying tube fares by jumping over a gate?</b>;Would <i><b>you</b></i> consider it morally acceptable to <b>avoid paying tube fares by jumping over a gate?</b>,Not at all;Not really;Somewhat;Very Much so,"2",male,bad,Newdale,"4","1",avoidFare,pillageCorn,packageTheft,experiment,avoidFare,highTypeFreq,"day : 13; ",2641419,Somewhat_Somewhat_Not at all,8077,3_3_1
"244",nsg:2,"40",form,"","",<h1>Noah in Newdale</h1>,"","","","1","1","","","",radio,How likely are people in Newdale to <b>pillage corn from a field?</b>;Would <i><b>people in Newdale</b></i> consider it morally acceptable to <b>pillage corn from a field?</b>;Would <i><b>you</b></i> consider it morally acceptable to <b>pillage corn from a field?</b>,Not at all;Not really;Somewhat;Very Much so,"2",male,bad,Newdale,"4","1",avoidFare,pillageCorn,packageTheft,experiment,pillageCorn,lowTypeFreq,"day : 13; ",2650711,Not at all_Not at all_Not at all,8780,1_1_1
"245",nsg:2,"40",form,"","",<h1>Noah in Newdale</h1>,"","","","1","1","","","",radio,How likely are people in Newdale to <b>steal packages from a doorstep?</b>;Would <i><b>people in Newdale</b></i> consider it morally acceptable to <b>steal packages from a doorstep?</b>;Would <i><b>you</b></i> consider it morally acceptable to <b>steal a package from a doorstep?</b>,Not at all;Not really;Somewhat;Very Much so,"2",male,bad,Newdale,"4","1",avoidFare,pillageCorn,packageTheft,experiment,packageTheft,single,"day : 13; ",2656255,Not really_Not really_Not at all,5027,2_2_1
"297",nsg:2,"49",form,"","",<h1>Noah in Glistinir</h1>,"","","","1","1","","","",radio,How likely are people in Glistinir to <b>shout at other drivers?</b>;Would <i><b>people in Glistinir</b></i> consider it morally acceptable to <b>shout at other drivers?</b>;Would <i><b>you</b></i> consider it morally acceptable to <b>shout at other drivers?</b>,Not at all;Not really;Somewhat;Very Much so,"2",female,bad,Glistinir,"1","2",shoutDriver,Gossiping,passLight,experiment,shoutDriver,highTypeFreq,"day : 13; ",2835810,Very Much so_Somewhat_Not really,12475,4_3_2
"298",nsg:2,"49",form,"","",<h1>Noah in Glistinir</h1>,"","","","1","1","","","",radio,How likely are people in Glistinir to <b>gossip badly?</b>;Would <i><b>people in Glistinir</b></i> consider it morally acceptable to <b>gossip badly?</b>;Would <i><b>you</b></i> consider it morally acceptable to <b>gossip badly?</b>,Not at all;Not really;Somewhat;Very Much so,"2",female,bad,Glistinir,"1","2",shoutDriver,Gossiping,passLight,experiment,Gossiping,lowTypeFreq,"day : 13; ",2841875,Not really_Not really_Not at all,5552,2_2_1
"299",nsg:2,"49",form,"","",<h1>Noah in Glistinir</h1>,"","","","1","1","","","",radio,How likely are people in Glistinir to <b>cycle past red lights?</b>;Would <i><b>people in Glistinir</b></i> consider it morally acceptable to <b>cycle past red lights?</b>;Would <i><b>you</b></i> consider it morally acceptable to <b>cycle past red lights?</b>,Not at all;Not really;Somewhat;Very Much so,"2",female,bad,Glistinir,"1","2",shoutDriver,Gossiping,passLight,experiment,passLight,single,"day : 13; ",2847514,Not really_Not really_Not really,5123,2_2_2